Time,Acceleration,Velocity,Height,Mass,Thrust
0.010000,0.000000,0.000000,0.000000,1.056700,0.000000
0.020000,18.929138,0.091221,0.091221,1.056572,20.000000
0.030000,18.931429,0.182466,0.273687,1.056444,20.000000
0.040000,18.933720,0.273733,0.547420,1.056316,20.000000
0.050000,18.936013,0.365023,0.912443,1.056189,20.000000
0.060000,18.938305,0.456336,1.368779,1.056061,20.000000
0.070000,18.940598,0.547672,1.916451,1.055933,20.000000
0.080000,18.942892,0.639031,2.555482,1.055805,20.000000
0.090000,18.945186,0.730413,3.285895,1.055677,20.000000
0.100000,18.947481,0.821818,4.107712,1.055549,20.000000
0.110000,18.949776,0.913245,5.020958,1.055421,20.000000
0.120000,18.952072,1.004696,6.025654,1.055294,20.000000
0.130000,18.954369,1.096170,7.121824,1.055166,20.000000
0.140000,18.956666,1.187666,8.309490,1.055038,20.000000
0.150000,18.958963,1.279186,9.588676,1.054910,20.000000
0.160000,18.961261,1.370729,10.959405,1.054782,20.000000
0.170000,18.963560,1.462294,12.421699,1.054654,20.000000
0.180000,18.965859,1.553883,13.975582,1.054526,20.000000
0.190000,18.968159,1.645494,15.621077,1.054399,20.000000
0.200000,18.970460,1.737129,17.358206,1.054271,20.000000
0.210000,18.972761,1.828787,19.186992,1.054143,20.000000
0.220000,18.975062,1.920467,21.107460,1.054015,20.000000
0.230000,18.977364,2.012171,23.119631,1.053887,20.000000
0.240000,18.979667,2.103898,25.223528,1.053759,20.000000
0.250000,18.981970,2.195647,27.419176,1.053631,20.000000
0.260000,18.984274,2.287420,29.706596,1.053504,20.000000
0.270000,18.986578,2.379216,32.085812,1.053376,20.000000
0.280000,18.988883,2.471035,34.556846,1.053248,20.000000
0.290000,18.991188,2.562877,37.119723,1.053120,20.000000
0.300000,18.993494,2.654741,39.774464,1.052992,20.000000
0.310000,18.995801,2.746629,42.521094,1.052864,20.000000
0.320000,18.998108,2.838541,45.359634,1.052736,20.000000
0.330000,19.000415,2.930475,48.290109,1.052609,20.000000
0.340000,19.002723,3.022432,51.312541,1.052481,20.000000
0.350000,19.005032,3.114412,54.426953,1.052353,20.000000
0.360000,19.007342,3.206416,57.633369,1.052225,20.000000
0.370000,19.009651,3.298442,60.931811,1.052097,20.000000
0.380000,19.011962,3.390492,64.322303,1.051969,20.000000
0.390000,19.014273,3.482565,67.804867,1.051841,20.000000
0.400000,19.016584,3.574660,71.379528,1.051714,20.000000
0.410000,19.018897,3.666779,75.046307,1.051586,20.000000
0.420000,19.021209,3.758921,78.805229,1.051458,20.000000
0.430000,19.023523,3.851087,82.656315,1.051330,20.000000
0.440000,19.025836,3.943275,86.599590,1.051202,20.000000
0.450000,19.028151,4.035487,90.635077,1.051074,20.000000
0.460000,19.030466,4.127721,94.762798,1.050946,20.000000
0.470000,19.032781,4.219979,98.982777,1.050819,20.000000
0.480000,19.035097,4.312260,103.295037,1.050691,20.000000
0.490000,19.037414,4.404564,107.699601,1.050563,20.000000
0.500000,19.039731,4.496891,112.196493,1.050435,20.000000
0.510000,19.042049,4.589242,116.785735,1.050307,20.000000
0.520000,19.044367,4.681616,121.467350,1.050179,20.000000
0.530000,19.046686,4.774012,126.241363,1.050051,20.000000
0.540000,19.049006,4.866433,131.107795,1.049924,20.000000
0.550000,19.051326,4.958876,136.066671,1.049796,20.000000
0.560000,19.053646,5.051342,141.118013,1.049668,20.000000
0.570000,19.055967,5.143832,146.261845,1.049540,20.000000
0.580000,19.058289,5.236345,151.498190,1.049412,20.000000
0.590000,19.060611,5.328881,156.827071,1.049284,20.000000
0.600000,19.062934,5.421440,162.248511,1.049156,20.000000
0.610000,19.065258,5.514023,167.762534,1.049029,20.000000
0.620000,19.067582,5.606629,173.369163,1.048901,20.000000
0.630000,19.069906,5.699258,179.068421,1.048773,20.000000
0.640000,19.072231,5.791910,184.860331,1.048645,20.000000
0.650000,19.074557,5.884586,190.744916,1.048517,20.000000
0.660000,19.076883,5.977284,196.722201,1.048389,20.000000
0.670000,19.079210,6.070007,202.792207,1.048261,20.000000
0.680000,19.081537,6.162752,208.954959,1.048134,20.000000
0.690000,19.083865,6.255521,215.210480,1.048006,20.000000
0.700000,19.086194,6.348313,221.558792,1.047878,20.000000
0.710000,19.088523,6.441128,227.999920,1.047750,20.000000
0.720000,19.090853,6.533966,234.533886,1.047622,20.000000
0.730000,19.093183,6.626828,241.160714,1.047494,20.000000
0.740000,19.095514,6.719713,247.880427,1.047366,20.000000
0.750000,19.097845,6.812622,254.693049,1.047239,20.000000
0.760000,19.100177,6.905553,261.598603,1.047111,20.000000
0.770000,19.102510,6.998509,268.597111,1.046983,20.000000
0.780000,19.104843,7.091487,275.688598,1.046855,20.000000
0.790000,19.107176,7.184489,282.873087,1.046727,20.000000
0.800000,19.109510,7.277514,290.150601,1.046599,20.000000
0.810000,19.111845,7.370562,297.521163,1.046471,20.000000
0.820000,19.114181,7.463634,304.984797,1.046344,20.000000
0.830000,19.116517,7.556729,312.541526,1.046216,20.000000
0.840000,19.118853,7.649848,320.191374,1.046088,20.000000
0.850000,19.121190,7.742990,327.934364,1.045960,20.000000
0.860000,19.123528,7.836155,335.770519,1.045832,20.000000
0.870000,19.125866,7.929344,343.699862,1.045704,20.000000
0.880000,19.128205,8.022556,351.722418,1.045576,20.000000
0.890000,19.130544,8.115791,359.838209,1.045449,20.000000
0.900000,19.132884,8.209050,368.047259,1.045321,20.000000
0.910000,19.135225,8.302332,376.349591,1.045193,20.000000
0.920000,19.137566,8.395638,384.745229,1.045065,20.000000
0.930000,19.139907,8.488967,393.234196,1.044937,20.000000
0.940000,19.142249,8.582319,401.816516,1.044809,20.000000
0.950000,19.144592,8.675695,410.492211,1.044681,20.000000
0.960000,19.146936,8.769095,419.261306,1.044554,20.000000
0.970000,19.149280,8.862518,428.123823,1.044426,20.000000
0.980000,19.151624,8.955964,437.079787,1.044298,20.000000
0.990000,19.153969,9.049433,446.129220,1.044170,20.000000
1.000000,19.156315,9.142927,455.272147,1.044042,20.000000
1.010000,19.158661,9.236443,464.508590,1.043914,20.000000
1.020000,19.161008,9.329983,473.838573,1.043786,20.000000
1.030000,19.163355,9.423547,483.262120,1.043659,20.000000
1.040000,19.165703,9.517134,492.779254,1.043531,20.000000
1.050000,19.168052,9.610744,502.389998,1.043403,20.000000
1.060000,19.170401,9.704378,512.094377,1.043275,20.000000
1.070000,19.172751,9.798036,521.892413,1.043147,20.000000
1.080000,19.175101,9.891717,531.784130,1.043019,20.000000
1.090000,19.177452,9.985421,541.769551,1.042891,20.000000
1.100000,19.179803,10.079149,551.848701,1.042764,20.000000
1.110000,19.182155,10.172901,562.021602,1.042636,20.000000
1.120000,19.184508,10.266676,572.288278,1.042508,20.000000
1.130000,19.186861,10.360475,582.648752,1.042380,20.000000
1.140000,19.189215,10.454297,593.103049,1.042252,20.000000
1.150000,19.191569,10.548143,603.651192,1.042124,20.000000
1.160000,19.193924,10.642012,614.293203,1.041996,20.000000
1.170000,19.196279,10.735905,625.029108,1.041869,20.000000
1.180000,19.198635,10.829821,635.858929,1.041741,20.000000
1.190000,19.200992,10.923761,646.782690,1.041613,20.000000
1.200000,19.203349,11.017724,657.800414,1.041485,20.000000
1.210000,19.205707,11.111711,668.912125,1.041357,20.000000
1.220000,19.208065,11.205722,680.117847,1.041229,20.000000
1.230000,19.210424,11.299756,691.417604,1.041101,20.000000
1.240000,19.212784,11.393814,702.811418,1.040974,20.000000
1.250000,19.215144,11.487896,714.299313,1.040846,20.000000
1.260000,19.217504,11.582001,725.881314,1.040718,20.000000
1.270000,19.219866,11.676129,737.557443,1.040590,20.000000
1.280000,19.222227,11.770282,749.327725,1.040462,20.000000
1.290000,19.224590,11.864457,761.192182,1.040334,20.000000
1.300000,19.226953,11.958657,773.150839,1.040206,20.000000
1.310000,19.229316,12.052880,785.203719,1.040079,20.000000
1.320000,19.231681,12.147127,797.350846,1.039951,20.000000
1.330000,19.234045,12.241397,809.592243,1.039823,20.000000
1.340000,19.236411,12.335691,821.927935,1.039695,20.000000
1.350000,19.238777,12.430009,834.357944,1.039567,20.000000
1.360000,19.241143,12.524351,846.882295,1.039439,20.000000
1.370000,19.243510,12.618716,859.501011,1.039311,20.000000
1.380000,19.245878,12.713105,872.214115,1.039184,20.000000
1.390000,19.248246,12.807517,885.021632,1.039056,20.000000
1.400000,19.250615,12.901953,897.923585,1.038928,20.000000
1.410000,19.252984,12.996413,910.919998,1.038800,20.000000
1.420000,19.255354,13.090897,924.010895,1.038672,20.000000
1.430000,19.257725,13.185404,937.196299,1.038544,20.000000
1.440000,19.260096,13.279935,950.476234,1.038416,20.000000
1.450000,19.262468,13.374489,963.850723,1.038289,20.000000
1.460000,19.264840,13.469068,977.319791,1.038161,20.000000
1.470000,19.267213,13.563670,990.883461,1.038033,20.000000
1.480000,19.269586,13.658296,1004.541757,1.037905,20.000000
1.490000,19.271960,13.752945,1018.294702,1.037777,20.000000
1.500000,19.274335,13.847619,1032.142321,1.037649,20.000000
1.510000,19.276710,13.942316,1046.084637,1.037521,20.000000
1.520000,19.279086,14.037037,1060.121673,1.037394,20.000000
1.530000,19.281463,14.131781,1074.253455,1.037266,20.000000
1.540000,19.283840,14.226550,1088.480005,1.037138,20.000000
1.550000,19.286217,14.321342,1102.801346,1.037010,20.000000
1.560000,19.288595,14.416158,1117.217504,1.036882,20.000000
1.570000,19.290974,14.510998,1131.728502,1.036754,20.000000
1.580000,19.293353,14.605861,1146.334363,1.036626,20.000000
1.590000,19.295733,14.700748,1161.035112,1.036499,20.000000
1.600000,19.298114,14.795660,1175.830771,1.036371,20.000000
1.610000,19.300495,14.890595,1190.721366,1.036243,20.000000
1.620000,19.302877,14.985553,1205.706919,1.036115,20.000000
1.630000,19.305259,15.080536,1220.787455,1.035987,20.000000
1.640000,19.307642,15.175542,1235.962997,1.035859,20.000000
1.650000,19.310025,15.270573,1251.233570,1.035731,20.000000
1.660000,19.312409,15.365627,1266.599197,1.035604,20.000000
1.670000,19.314794,15.460705,1282.059901,1.035476,20.000000
1.680000,19.317179,15.555806,1297.615708,1.035348,20.000000
1.690000,19.319565,15.650932,1313.266640,1.035220,20.000000
1.700000,19.321951,15.746082,1329.012722,1.035092,20.000000
1.710000,19.324338,15.841255,1344.853976,1.034964,20.000000
1.720000,19.326726,15.936452,1360.790429,1.034836,20.000000
1.730000,19.329114,16.031673,1376.822102,1.034709,20.000000
1.740000,19.331503,16.126918,1392.949021,1.034581,20.000000
1.750000,19.333892,16.222187,1409.171208,1.034453,20.000000
1.760000,19.336282,16.317480,1425.488688,1.034325,20.000000
1.770000,19.338673,16.412797,1441.901485,1.034197,20.000000
1.780000,19.341064,16.508138,1458.409622,1.034069,20.000000
1.790000,19.343455,16.603502,1475.013124,1.033941,20.000000
1.800000,19.345848,16.698891,1491.712015,1.033814,20.000000
1.810000,19.348241,16.794303,1508.506318,1.033686,20.000000
1.820000,19.350634,16.889739,1525.396057,1.033558,20.000000
1.830000,19.353028,16.985200,1542.381257,1.033430,20.000000
1.840000,19.355423,17.080684,1559.461941,1.033302,20.000000
1.850000,19.357818,17.176192,1576.638133,1.033174,20.000000
1.860000,19.360214,17.271724,1593.909857,1.033046,20.000000
1.870000,19.362611,17.367280,1611.277137,1.032919,20.000000
1.880000,19.365008,17.462860,1628.739997,1.032791,20.000000
1.890000,19.367405,17.558464,1646.298462,1.032663,20.000000
1.900000,19.369803,17.654092,1663.952554,1.032535,20.000000
1.910000,19.372202,17.749744,1681.702298,1.032407,20.000000
1.920000,19.374602,17.845420,1699.547719,1.032279,20.000000
1.930000,19.377002,17.941120,1717.488839,1.032151,20.000000
1.940000,19.379402,18.036844,1735.525684,1.032024,20.000000
1.950000,19.381804,18.132593,1753.658276,1.031896,20.000000
1.960000,19.384205,18.228365,1771.886641,1.031768,20.000000
1.970000,19.386608,18.324161,1790.210801,1.031640,20.000000
1.980000,19.389011,18.419981,1808.630782,1.031512,20.000000
1.990000,19.391414,18.515825,1827.146607,1.031384,20.000000
2.000000,19.393818,18.611693,1845.758300,1.031256,20.000000
2.010000,19.396223,18.707585,1864.465885,1.031129,20.000000
2.020000,19.398629,18.803502,1883.269387,1.031001,20.000000
2.030000,19.401035,18.899442,1902.168829,1.030873,20.000000
2.040000,19.403441,18.995406,1921.164235,1.030745,20.000000
2.050000,19.405848,19.091395,1940.255630,1.030617,20.000000
2.060000,19.408256,19.187407,1959.443038,1.030489,20.000000
2.070000,19.410664,19.283444,1978.726482,1.030361,20.000000
2.080000,19.413073,19.379505,1998.105986,1.030234,20.000000
2.090000,19.415483,19.475590,2017.581576,1.030106,20.000000
2.100000,19.417893,19.571699,2037.153275,1.029978,20.000000
2.110000,19.420304,19.667832,2056.821106,1.029850,20.000000
2.120000,19.422715,19.763989,2076.585095,1.029722,20.000000
2.130000,19.425127,19.860170,2096.445265,1.029594,20.000000
2.140000,19.427540,19.956375,2116.401640,1.029466,20.000000
2.150000,19.429953,20.052605,2136.454245,1.029339,20.000000
2.160000,19.432367,20.148859,2156.603104,1.029211,20.000000
2.170000,19.434781,20.245136,2176.848240,1.029083,20.000000
2.180000,19.437196,20.341438,2197.189679,1.028955,20.000000
2.190000,19.439612,20.437764,2217.627443,1.028827,20.000000
2.200000,19.442028,20.534115,2238.161558,1.028699,20.000000
2.210000,19.444444,20.630489,2258.792047,1.028571,20.000000
2.220000,19.446862,20.726888,2279.518935,1.028444,20.000000
2.230000,19.449280,20.823311,2300.342245,1.028316,20.000000
2.240000,19.451698,20.919758,2321.262003,1.028188,20.000000
2.250000,19.454117,21.016229,2342.278232,1.028060,20.000000
2.260000,19.456537,21.112724,2363.390956,1.027932,20.000000
2.270000,19.458958,21.209244,2384.600200,1.027804,20.000000
2.280000,19.461379,21.305788,2405.905987,1.027676,20.000000
2.290000,19.463800,21.402356,2427.308343,1.027549,20.000000
2.300000,19.466222,21.498948,2448.807290,1.027421,20.000000
2.310000,19.468645,21.595564,2470.402855,1.027293,20.000000
2.320000,19.471068,21.692205,2492.095060,1.027165,20.000000
2.330000,19.473492,21.788870,2513.883929,1.027037,20.000000
2.340000,19.475917,21.885559,2535.769488,1.026909,20.000000
2.350000,19.478342,21.982272,2557.751761,1.026781,20.000000
2.360000,19.480768,22.079010,2579.830771,1.026654,20.000000
2.370000,19.483194,22.175772,2602.006543,1.026526,20.000000
2.380000,19.485621,22.272558,2624.279101,1.026398,20.000000
2.390000,19.488049,22.369369,2646.648470,1.026270,20.000000
2.400000,19.490477,22.466203,2669.114673,1.026142,20.000000
2.410000,19.492906,22.563063,2691.677736,1.026014,20.000000
2.420000,19.495335,22.659946,2714.337682,1.025886,20.000000
2.430000,19.497765,22.756854,2737.094535,1.025759,20.000000
2.440000,19.500196,22.853786,2759.948321,1.025631,20.000000
2.450000,19.502627,22.950742,2782.899062,1.025503,20.000000
2.460000,19.505059,23.047722,2805.946785,1.025375,20.000000
2.470000,19.507492,23.144727,2829.091512,1.025247,20.000000
2.480000,19.509925,23.241757,2852.333269,1.025119,20.000000
2.490000,19.512358,23.338810,2875.672079,1.024991,20.000000
2.500000,19.514793,23.435888,2899.107967,1.024864,20.000000
2.510000,19.517227,23.532990,2922.640957,1.024736,20.000000
2.520000,19.519663,23.630117,2946.271074,1.024608,20.000000
2.530000,19.522099,23.727268,2969.998342,1.024480,20.000000
2.540000,19.524536,23.824443,2993.822785,1.024352,20.000000
2.550000,19.526973,23.921643,3017.744428,1.024224,20.000000
2.560000,19.529411,24.018867,3041.763295,1.024096,20.000000
2.570000,19.531849,24.116116,3065.879411,1.023969,20.000000
2.580000,19.534289,24.213389,3090.092800,1.023841,20.000000
2.590000,19.536728,24.310686,3114.403485,1.023713,20.000000
2.600000,19.539169,24.408007,3138.811493,1.023585,20.000000
2.610000,19.541610,24.505354,3163.316846,1.023457,20.000000
2.620000,19.544051,24.602724,3187.919571,1.023329,20.000000
2.630000,19.546493,24.700119,3212.619690,1.023201,20.000000
2.640000,19.548936,24.797538,3237.417228,1.023074,20.000000
2.650000,19.551380,24.894982,3262.312210,1.022946,20.000000
2.660000,19.553824,24.992450,3287.304661,1.022818,20.000000
2.670000,19.556268,25.089943,3312.394604,1.022690,20.000000
2.680000,19.558714,25.187460,3337.582064,1.022562,20.000000
2.690000,19.561159,25.285002,3362.867066,1.022434,20.000000
2.700000,19.563606,25.382568,3388.249634,1.022306,20.000000
2.710000,19.566053,25.480158,3413.729792,1.022179,20.000000
2.720000,19.568501,25.577773,3439.307566,1.022051,20.000000
2.730000,19.570949,25.675413,3464.982978,1.021923,20.000000
2.740000,19.573398,25.773077,3490.756055,1.021795,20.000000
2.750000,19.575847,25.870765,3516.626821,1.021667,20.000000
2.760000,19.578297,25.968478,3542.595299,1.021539,20.000000
2.770000,19.580748,26.066216,3568.661515,1.021411,20.000000
2.780000,19.583200,26.163978,3594.825493,1.021284,20.000000
2.790000,19.585652,26.261764,3621.087257,1.021156,20.000000
2.800000,19.588104,26.359575,3647.446832,1.021028,20.000000
2.810000,19.590557,26.457411,3673.904243,1.020900,20.000000
2.820000,0.000000,26.359341,3700.263584,1.020900,0.000000
2.830000,0.000000,26.261271,3726.524855,1.020900,0.000000
2.840000,0.000000,26.163201,3752.688056,1.020900,0.000000
2.850000,0.000000,26.065131,3778.753187,1.020900,0.000000
2.860000,0.000000,25.967061,3804.720248,1.020900,0.000000
2.870000,0.000000,25.868991,3830.589239,1.020900,0.000000
2.880000,0.000000,25.770921,3856.360160,1.020900,0.000000
2.890000,0.000000,25.672851,3882.033011,1.020900,0.000000
2.900000,0.000000,25.574781,3907.607792,1.020900,0.000000
2.910000,0.000000,25.476711,3933.084503,1.020900,0.000000
2.920000,0.000000,25.378641,3958.463144,1.020900,0.000000
2.930000,0.000000,25.280571,3983.743715,1.020900,0.000000
2.940000,0.000000,25.182501,4008.926216,1.020900,0.000000
2.950000,0.000000,25.084431,4034.010647,1.020900,0.000000
2.960000,0.000000,24.986361,4058.997008,1.020900,0.000000
2.970000,0.000000,24.888291,4083.885299,1.020900,0.000000
2.980000,0.000000,24.790221,4108.675520,1.020900,0.000000
2.990000,0.000000,24.692151,4133.367671,1.020900,0.000000
3.000000,0.000000,24.594081,4157.961752,1.020900,0.000000
3.010000,0.000000,24.496011,4182.457762,1.020900,0.000000
3.020000,0.000000,24.397941,4206.855703,1.020900,0.000000
3.030000,0.000000,24.299871,4231.155574,1.020900,0.000000
3.040000,0.000000,24.201801,4255.357375,1.020900,0.000000
3.050000,0.000000,24.103731,4279.461106,1.020900,0.000000
3.060000,0.000000,24.005661,4303.466767,1.020900,0.000000
3.070000,0.000000,23.907591,4327.374358,1.020900,0.000000
3.080000,0.000000,23.809521,4351.183879,1.020900,0.000000
3.090000,0.000000,23.711451,4374.895330,1.020900,0.000000
3.100000,0.000000,23.613381,4398.508711,1.020900,0.000000
3.110000,0.000000,23.515311,4422.024022,1.020900,0.000000
3.120000,0.000000,23.417241,4445.441263,1.020900,0.000000
3.130000,0.000000,23.319171,4468.760434,1.020900,0.000000
3.140000,0.000000,23.221101,4491.981535,1.020900,0.000000
3.150000,0.000000,23.123031,4515.104566,1.020900,0.000000
3.160000,0.000000,23.024961,4538.129527,1.020900,0.000000
3.170000,0.000000,22.926891,4561.056418,1.020900,0.000000
3.180000,0.000000,22.828821,4583.885239,1.020900,0.000000
3.190000,0.000000,22.730751,4606.615990,1.020900,0.000000
3.200000,0.000000,22.632681,4629.248671,1.020900,0.000000
3.210000,0.000000,22.534611,4651.783282,1.020900,0.000000
3.220000,0.000000,22.436541,4674.219822,1.020900,0.000000
3.230000,0.000000,22.338471,4696.558293,1.020900,0.000000
3.240000,0.000000,22.240401,4718.798694,1.020900,0.000000
3.250000,0.000000,22.142331,4740.941025,1.020900,0.000000
3.260000,0.000000,22.044261,4762.985286,1.020900,0.000000
3.270000,0.000000,21.946191,4784.931477,1.020900,0.000000
3.280000,0.000000,21.848121,4806.779598,1.020900,0.000000
3.290000,0.000000,21.750051,4828.529649,1.020900,0.000000
3.300000,0.000000,21.651981,4850.181630,1.020900,0.000000
3.310000,0.000000,21.553911,4871.735541,1.020900,0.000000
3.320000,0.000000,21.455841,4893.191382,1.020900,0.000000
3.330000,0.000000,21.357771,4914.549153,1.020900,0.000000
3.340000,0.000000,21.259701,4935.808854,1.020900,0.000000
3.350000,0.000000,21.161631,4956.970485,1.020900,0.000000
3.360000,0.000000,21.063561,4978.034046,1.020900,0.000000
3.370000,0.000000,20.965491,4998.999537,1.020900,0.000000
3.380000,0.000000,20.867421,5019.866958,1.020900,0.000000
3.390000,0.000000,20.769351,5040.636309,1.020900,0.000000
3.400000,0.000000,20.671281,5061.307590,1.020900,0.000000
3.410000,0.000000,20.573211,5081.880801,1.020900,0.000000
3.420000,0.000000,20.475141,5102.355942,1.020900,0.000000
3.430000,0.000000,20.377071,5122.733013,1.020900,0.000000
3.440000,0.000000,20.279001,5143.012013,1.020900,0.000000
3.450000,0.000000,20.180931,5163.192944,1.020900,0.000000
3.460000,0.000000,20.082861,5183.275805,1.020900,0.000000
3.470000,0.000000,19.984791,5203.260596,1.020900,0.000000
3.480000,0.000000,19.886721,5223.147317,1.020900,0.000000
3.490000,0.000000,19.788651,5242.935968,1.020900,0.000000
3.500000,0.000000,19.690581,5262.626549,1.020900,0.000000
3.510000,0.000000,19.592511,5282.219060,1.020900,0.000000
3.520000,0.000000,19.494441,5301.713501,1.020900,0.000000
3.530000,0.000000,19.396371,5321.109872,1.020900,0.000000
3.540000,0.000000,19.298301,5340.408173,1.020900,0.000000
3.550000,0.000000,19.200231,5359.608404,1.020900,0.000000
3.560000,0.000000,19.102161,5378.710565,1.020900,0.000000
3.570000,0.000000,19.004091,5397.714656,1.020900,0.000000
3.580000,0.000000,18.906021,5416.620677,1.020900,0.000000
3.590000,0.000000,18.807951,5435.428628,1.020900,0.000000
3.600000,0.000000,18.709881,5454.138509,1.020900,0.000000
3.610000,0.000000,18.611811,5472.750320,1.020900,0.000000
3.620000,0.000000,18.513741,5491.264061,1.020900,0.000000
3.630000,0.000000,18.415671,5509.679732,1.020900,0.000000
3.640000,0.000000,18.317601,5527.997333,1.020900,0.000000
3.650000,0.000000,18.219531,5546.216863,1.020900,0.000000
3.660000,0.000000,18.121461,5564.338324,1.020900,0.000000
3.670000,0.000000,18.023391,5582.361715,1.020900,0.000000
3.680000,0.000000,17.925321,5600.287036,1.020900,0.000000
3.690000,0.000000,17.827251,5618.114287,1.020900,0.000000
3.700000,0.000000,17.729181,5635.843468,1.020900,0.000000
3.710000,0.000000,17.631111,5653.474579,1.020900,0.000000
3.720000,0.000000,17.533041,5671.007620,1.020900,0.000000
3.730000,0.000000,17.434971,5688.442591,1.020900,0.000000
3.740000,0.000000,17.336901,5705.779492,1.020900,0.000000
3.750000,0.000000,17.238831,5723.018323,1.020900,0.000000
3.760000,0.000000,17.140761,5740.159084,1.020900,0.000000
3.770000,0.000000,17.042691,5757.201775,1.020900,0.000000
3.780000,0.000000,16.944621,5774.146396,1.020900,0.000000
3.790000,0.000000,16.846551,5790.992947,1.020900,0.000000
3.800000,0.000000,16.748481,5807.741428,1.020900,0.000000
3.810000,0.000000,16.650411,5824.391839,1.020900,0.000000
3.820000,0.000000,16.552341,5840.944180,1.020900,0.000000
3.830000,0.000000,16.454271,5857.398451,1.020900,0.000000
3.840000,0.000000,16.356201,5873.754652,1.020900,0.000000
3.850000,0.000000,16.258131,5890.012783,1.020900,0.000000
3.860000,0.000000,16.160061,5906.172844,1.020900,0.000000
3.870000,0.000000,16.061991,5922.234834,1.020900,0.000000
3.880000,0.000000,15.963921,5938.198755,1.020900,0.000000
3.890000,0.000000,15.865851,5954.064606,1.020900,0.000000
3.900000,0.000000,15.767781,5969.832387,1.020900,0.000000
3.910000,0.000000,15.669711,5985.502098,1.020900,0.000000
3.920000,0.000000,15.571641,6001.073739,1.020900,0.000000
3.930000,0.000000,15.473571,6016.547310,1.020900,0.000000
3.940000,0.000000,15.375501,6031.922811,1.020900,0.000000
3.950000,0.000000,15.277431,6047.200242,1.020900,0.000000
3.960000,0.000000,15.179361,6062.379603,1.020900,0.000000
3.970000,0.000000,15.081291,6077.460894,1.020900,0.000000
3.980000,0.000000,14.983221,6092.444115,1.020900,0.000000
3.990000,0.000000,14.885151,6107.329266,1.020900,0.000000
4.000000,0.000000,14.787081,6122.116347,1.020900,0.000000
4.010000,0.000000,14.689011,6136.805358,1.020900,0.000000
4.020000,0.000000,14.590941,6151.396299,1.020900,0.000000
4.030000,0.000000,14.492871,6165.889170,1.020900,0.000000
4.040000,0.000000,14.394801,6180.283971,1.020900,0.000000
4.050000,0.000000,14.296731,6194.580702,1.020900,0.000000
4.060000,0.000000,14.198661,6208.779363,1.020900,0.000000
4.070000,0.000000,14.100591,6222.879954,1.020900,0.000000
4.080000,0.000000,14.002521,6236.882474,1.020900,0.000000
4.090000,0.000000,13.904451,6250.786925,1.020900,0.000000
4.100000,0.000000,13.806381,6264.593306,1.020900,0.000000
4.110000,0.000000,13.708311,6278.301617,1.020900,0.000000
4.120000,0.000000,13.610241,6291.911858,1.020900,0.000000
4.130000,0.000000,13.512171,6305.424029,1.020900,0.000000
4.140000,0.000000,13.414101,6318.838130,1.020900,0.000000
4.150000,0.000000,13.316031,6332.154161,1.020900,0.000000
4.160000,0.000000,13.217961,6345.372122,1.020900,0.000000
4.170000,0.000000,13.119891,6358.492013,1.020900,0.000000
4.180000,0.000000,13.021821,6371.513834,1.020900,0.000000
4.190000,0.000000,12.923751,6384.437585,1.020900,0.000000
4.200000,0.000000,12.825681,6397.263266,1.020900,0.000000
4.210000,0.000000,12.727611,6409.990877,1.020900,0.000000
4.220000,0.000000,12.629541,6422.620418,1.020900,0.000000
4.230000,0.000000,12.531471,6435.151889,1.020900,0.000000
4.240000,0.000000,12.433401,6447.585290,1.020900,0.000000
4.250000,0.000000,12.335331,6459.920621,1.020900,0.000000
4.260000,0.000000,12.237261,6472.157882,1.020900,0.000000
4.270000,0.000000,12.139191,6484.297073,1.020900,0.000000
4.280000,0.000000,12.041121,6496.338194,1.020900,0.000000
4.290000,0.000000,11.943051,6508.281244,1.020900,0.000000
4.300000,0.000000,11.844981,6520.126225,1.020900,0.000000
4.310000,0.000000,11.746911,6531.873136,1.020900,0.000000
4.320000,0.000000,11.648841,6543.521977,1.020900,0.000000
4.330000,0.000000,11.550771,6555.072748,1.020900,0.000000
4.340000,0.000000,11.452701,6566.525449,1.020900,0.000000
4.350000,0.000000,11.354631,6577.880080,1.020900,0.000000
4.360000,0.000000,11.256561,6589.136641,1.020900,0.000000
4.370000,0.000000,11.158491,6600.295132,1.020900,0.000000
4.380000,0.000000,11.060421,6611.355553,1.020900,0.000000
4.390000,0.000000,10.962351,6622.317904,1.020900,0.000000
4.400000,0.000000,10.864281,6633.182185,1.020900,0.000000
4.410000,0.000000,10.766211,6643.948396,1.020900,0.000000
4.420000,0.000000,10.668141,6654.616537,1.020900,0.000000
4.430000,0.000000,10.570071,6665.186608,1.020900,0.000000
4.440000,0.000000,10.472001,6675.658609,1.020900,0.000000
4.450000,0.000000,10.373931,6686.032540,1.020900,0.000000
4.460000,0.000000,10.275861,6696.308401,1.020900,0.000000
4.470000,0.000000,10.177791,6706.486192,1.020900,0.000000
4.480000,0.000000,10.079721,6716.565913,1.020900,0.000000
4.490000,0.000000,9.981651,6726.547564,1.020900,0.000000
4.500000,0.000000,9.883581,6736.431145,1.020900,0.000000
4.510000,0.000000,9.785511,6746.216655,1.020900,0.000000
4.520000,0.000000,9.687441,6755.904096,1.020900,0.000000
4.530000,0.000000,9.589371,6765.493467,1.020900,0.000000
4.540000,0.000000,9.491301,6774.984768,1.020900,0.000000
4.550000,0.000000,9.393231,6784.377999,1.020900,0.000000
4.560000,0.000000,9.295161,6793.673160,1.020900,0.000000
4.570000,0.000000,9.197091,6802.870251,1.020900,0.000000
4.580000,0.000000,9.099021,6811.969272,1.020900,0.000000
4.590000,0.000000,9.000951,6820.970223,1.020900,0.000000
4.600000,0.000000,8.902881,6829.873104,1.020900,0.000000
4.610000,0.000000,8.804811,6838.677915,1.020900,0.000000
4.620000,0.000000,8.706741,6847.384656,1.020900,0.000000
4.630000,0.000000,8.608671,6855.993327,1.020900,0.000000
4.640000,0.000000,8.510601,6864.503928,1.020900,0.000000
4.650000,0.000000,8.412531,6872.916459,1.020900,0.000000
4.660000,0.000000,8.314461,6881.230920,1.020900,0.000000
4.670000,0.000000,8.216391,6889.447311,1.020900,0.000000
4.680000,0.000000,8.118321,6897.565632,1.020900,0.000000
4.690000,0.000000,8.020251,6905.585883,1.020900,0.000000
4.700000,0.000000,7.922181,6913.508064,1.020900,0.000000
4.710000,0.000000,7.824111,6921.332175,1.020900,0.000000
4.720000,0.000000,7.726041,6929.058215,1.020900,0.000000
4.730000,0.000000,7.627971,6936.686186,1.020900,0.000000
4.740000,0.000000,7.529901,6944.216087,1.020900,0.000000
4.750000,0.000000,7.431831,6951.647918,1.020900,0.000000
4.760000,0.000000,7.333761,6958.981679,1.020900,0.000000
4.770000,0.000000,7.235691,6966.217370,1.020900,0.000000
4.780000,0.000000,7.137621,6973.354991,1.020900,0.000000
4.790000,0.000000,7.039551,6980.394542,1.020900,0.000000
4.800000,0.000000,6.941481,6987.336023,1.020900,0.000000
4.810000,0.000000,6.843411,6994.179434,1.020900,0.000000
4.820000,0.000000,6.745341,7000.924775,1.020900,0.000000
4.830000,0.000000,6.647271,7007.572046,1.020900,0.000000
4.840000,0.000000,6.549201,7014.121247,1.020900,0.000000
4.850000,0.000000,6.451131,7020.572378,1.020900,0.000000
4.860000,0.000000,6.353061,7026.925439,1.020900,0.000000
4.870000,0.000000,6.254991,7033.180430,1.020900,0.000000
4.880000,0.000000,6.156921,7039.337351,1.020900,0.000000
4.890000,0.000000,6.058851,7045.396202,1.020900,0.000000
4.900000,0.000000,5.960781,7051.356983,1.020900,0.000000
4.910000,0.000000,5.862711,7057.219694,1.020900,0.000000
4.920000,0.000000,5.764641,7062.984335,1.020900,0.000000
4.930000,0.000000,5.666571,7068.650906,1.020900,0.000000
4.940000,0.000000,5.568501,7074.219406,1.020900,0.000000
4.950000,0.000000,5.470431,7079.689837,1.020900,0.000000
4.960000,0.000000,5.372361,7085.062198,1.020900,0.000000
4.970000,0.000000,5.274291,7090.336489,1.020900,0.000000
4.980000,0.000000,5.176221,7095.512710,1.020900,0.000000
4.990000,0.000000,5.078151,7100.590861,1.020900,0.000000
5.000000,0.000000,4.980081,7105.570942,1.020900,0.000000
5.010000,0.000000,4.882011,7110.452953,1.020900,0.000000
5.020000,0.000000,4.783941,7115.236894,1.020900,0.000000
5.030000,0.000000,4.685871,7119.922765,1.020900,0.000000
5.040000,0.000000,4.587801,7124.510566,1.020900,0.000000
5.050000,0.000000,4.489731,7129.000297,1.020900,0.000000
5.060000,0.000000,4.391661,7133.391958,1.020900,0.000000
5.070000,0.000000,4.293591,7137.685549,1.020900,0.000000
5.080000,0.000000,4.195521,7141.881070,1.020900,0.000000
5.090000,0.000000,4.097451,7145.978521,1.020900,0.000000
5.100000,0.000000,3.999381,7149.977902,1.020900,0.000000
5.110000,0.000000,3.901311,7153.879213,1.020900,0.000000
5.120000,0.000000,3.803241,7157.682454,1.020900,0.000000
5.130000,0.000000,3.705171,7161.387625,1.020900,0.000000
5.140000,0.000000,3.607101,7164.994726,1.020900,0.000000
5.150000,0.000000,3.509031,7168.503756,1.020900,0.000000
5.160000,0.000000,3.410961,7171.914717,1.020900,0.000000
5.170000,0.000000,3.312891,7175.227608,1.020900,0.000000
5.180000,0.000000,3.214821,7178.442429,1.020900,0.000000
5.190000,0.000000,3.116751,7181.559180,1.020900,0.000000
5.200000,0.000000,3.018681,7184.577861,1.020900,0.000000
5.210000,0.000000,2.920611,7187.498472,1.020900,0.000000
5.220000,0.000000,2.822541,7190.321013,1.020900,0.000000
5.230000,0.000000,2.724471,7193.045484,1.020900,0.000000
5.240000,0.000000,2.626401,7195.671885,1.020900,0.000000
5.250000,0.000000,2.528331,7198.200216,1.020900,0.000000
5.260000,0.000000,2.430261,7200.630477,1.020900,0.000000
5.270000,0.000000,2.332191,7202.962668,1.020900,0.000000
5.280000,0.000000,2.234121,7205.196789,1.020900,0.000000
5.290000,0.000000,2.136051,7207.332840,1.020900,0.000000
5.300000,0.000000,2.037981,7209.370821,1.020900,0.000000
5.310000,0.000000,1.939911,7211.310732,1.020900,0.000000
5.320000,0.000000,1.841841,7213.152573,1.020900,0.000000
5.330000,0.000000,1.743771,7214.896344,1.020900,0.000000
5.340000,0.000000,1.645701,7216.542045,1.020900,0.000000
5.350000,0.000000,1.547631,7218.089676,1.020900,0.000000
5.360000,0.000000,1.449561,7219.539237,1.020900,0.000000
5.370000,0.000000,1.351491,7220.890727,1.020900,0.000000
5.380000,0.000000,1.253421,7222.144148,1.020900,0.000000
5.390000,0.000000,1.155351,7223.299499,1.020900,0.000000
5.400000,0.000000,1.057281,7224.356780,1.020900,0.000000
5.410000,0.000000,0.959211,7225.315991,1.020900,0.000000
5.420000,0.000000,0.861141,7226.177132,1.020900,0.000000
5.430000,0.000000,0.763071,7226.940203,1.020900,0.000000
5.440000,0.000000,0.665001,7227.605204,1.020900,0.000000
5.450000,0.000000,0.566931,7228.172135,1.020900,0.000000
5.460000,0.000000,0.468861,7228.640996,1.020900,0.000000
5.470000,0.000000,0.370791,7229.011787,1.020900,0.000000
5.480000,0.000000,0.272721,7229.284508,1.020900,0.000000
5.490000,0.000000,0.174651,7229.459159,1.020900,0.000000
5.500000,0.000000,0.076581,7229.535740,1.020900,0.000000
5.510000,0.000000,-0.021489,7229.514251,1.020900,0.000000
5.520000,0.000000,-0.119559,7229.394692,1.020900,0.000000
5.530000,0.000000,-0.217629,7229.177063,1.020900,0.000000
5.540000,0.000000,-0.315699,7228.861364,1.020900,0.000000
5.550000,0.000000,-0.413769,7228.447595,1.020900,0.000000
5.560000,0.000000,-0.511839,7227.935756,1.020900,0.000000
5.570000,0.000000,-0.609909,7227.325847,1.020900,0.000000
5.580000,0.000000,-0.707979,7226.617867,1.020900,0.000000
5.590000,0.000000,-0.806049,7225.811818,1.020900,0.000000
5.600000,0.000000,-0.904119,7224.907699,1.020900,0.000000
5.610000,0.000000,-1.002189,7223.905510,1.020900,0.000000
5.620000,0.000000,-1.100259,7222.805251,1.020900,0.000000
5.630000,0.000000,-1.198329,7221.606922,1.020900,0.000000
5.640000,0.000000,-1.296399,7220.310523,1.020900,0.000000
5.650000,0.000000,-1.394469,7218.916054,1.020900,0.000000
5.660000,0.000000,-1.492539,7217.423515,1.020900,0.000000
5.670000,0.000000,-1.590609,7215.832906,1.020900,0.000000
5.680000,0.000000,-1.688679,7214.144227,1.020900,0.000000
5.690000,0.000000,-1.786749,7212.357478,1.020900,0.000000
5.700000,0.000000,-1.884819,7210.472659,1.020900,0.000000
5.710000,0.000000,-1.982889,7208.489770,1.020900,0.000000
5.720000,0.000000,-2.080959,7206.408811,1.020900,0.000000
5.730000,0.000000,-2.179029,7204.229782,1.020900,0.000000
5.740000,0.000000,-2.277099,7201.952683,1.020900,0.000000
5.750000,0.000000,-2.375169,7199.577514,1.020900,0.000000
5.760000,0.000000,-2.473239,7197.104275,1.020900,0.000000
5.770000,0.000000,-2.571309,7194.532966,1.020900,0.000000
5.780000,0.000000,-2.669379,7191.863587,1.020900,0.000000
5.790000,0.000000,-2.767449,7189.096138,1.020900,0.000000
5.800000,0.000000,-2.865519,7186.230618,1.020900,0.000000
5.810000,0.000000,-2.963589,7183.267029,1.020900,0.000000
5.820000,0.000000,-3.061659,7180.205370,1.020900,0.000000
5.830000,0.000000,-3.159729,7177.045641,1.020900,0.000000
5.840000,0.000000,-3.257799,7173.787842,1.020900,0.000000
5.850000,0.000000,-3.355869,7170.431973,1.020900,0.000000
5.860000,0.000000,-3.453939,7166.978034,1.020900,0.000000
5.870000,0.000000,-3.552009,7163.426025,1.020900,0.000000
5.880000,0.000000,-3.650079,7159.775946,1.020900,0.000000
5.890000,0.000000,-3.748149,7156.027797,1.020900,0.000000
5.900000,0.000000,-3.846219,7152.181578,1.020900,0.000000
5.910000,0.000000,-3.944289,7148.237289,1.020900,0.000000
5.920000,0.000000,-4.042359,7144.194930,1.020900,0.000000
5.930000,0.000000,-4.140429,7140.054501,1.020900,0.000000
5.940000,0.000000,-4.238499,7135.816002,1.020900,0.000000
5.950000,0.000000,-4.336569,7131.479433,1.020900,0.000000
5.960000,0.000000,-4.434639,7127.044794,1.020900,0.000000
5.970000,0.000000,-4.532709,7122.512085,1.020900,0.000000
5.980000,0.000000,-4.630779,7117.881306,1.020900,0.000000
5.990000,0.000000,-4.728849,7113.152457,1.020900,0.000000
6.000000,0.000000,-4.826919,7108.325538,1.020900,0.000000
6.010000,0.000000,-4.924989,7103.400548,1.020900,0.000000
6.020000,0.000000,-5.023059,7098.377489,1.020900,0.000000
6.030000,0.000000,-5.121129,7093.256360,1.020900,0.000000
6.040000,0.000000,-5.219199,7088.037161,1.020900,0.000000
6.050000,0.000000,-5.317269,7082.719892,1.020900,0.000000
6.060000,0.000000,-5.415339,7077.304553,1.020900,0.000000
6.070000,0.000000,-5.513409,7071.791144,1.020900,0.000000
6.080000,0.000000,-5.611479,7066.179665,1.020900,0.000000
6.090000,0.000000,-5.709549,7060.470116,1.020900,0.000000
6.100000,0.000000,-5.807619,7054.662497,1.020900,0.000000
6.110000,0.000000,-5.905689,7048.756808,1.020900,0.000000
6.120000,0.000000,-6.003759,7042.753049,1.020900,0.000000
6.130000,0.000000,-6.101829,7036.651220,1.020900,0.000000
6.140000,0.000000,-6.199899,7030.451321,1.020900,0.000000
6.150000,0.000000,-6.297969,7024.153352,1.020900,0.000000
6.160000,0.000000,-6.396039,7017.757313,1.020900,0.000000
6.170000,0.000000,-6.494109,7011.263204,1.020900,0.000000
6.180000,0.000000,-6.592179,7004.671025,1.020900,0.000000
6.190000,0.000000,-6.690249,6997.980776,1.020900,0.000000
6.200000,0.000000,-6.788319,6991.192457,1.020900,0.000000
6.210000,0.000000,-6.886389,6984.306068,1.020900,0.000000
6.220000,0.000000,-6.984459,6977.321608,1.020900,0.000000
6.230000,0.000000,-7.082529,6970.239079,1.020900,0.000000
6.240000,0.000000,-7.180599,6963.058480,1.020900,0.000000
6.250000,0.000000,-7.278669,6955.779811,1.020900,0.000000
6.260000,0.000000,-7.376739,6948.403072,1.020900,0.000000
6.270000,0.000000,-7.474809,6940.928263,1.020900,0.000000
6.280000,0.000000,-7.572879,6933.355384,1.020900,0.000000
6.290000,0.000000,-7.670949,6925.684435,1.020900,0.000000
6.300000,0.000000,-7.769019,6917.915416,1.020900,0.000000
6.310000,0.000000,-7.867089,6910.048327,1.020900,0.000000
6.320000,0.000000,-7.965159,6902.083168,1.020900,0.000000
6.330000,0.000000,-8.063229,6894.019939,1.020900,0.000000
6.340000,0.000000,-8.161299,6885.858640,1.020900,0.000000
6.350000,0.000000,-8.259369,6877.599271,1.020900,0.000000
6.360000,0.000000,-8.357439,6869.241832,1.020900,0.000000
6.370000,0.000000,-8.455509,6860.786323,1.020900,0.000000
6.380000,0.000000,-8.553579,6852.232744,1.020900,0.000000
6.390000,0.000000,-8.651649,6843.581095,1.020900,0.000000
6.400000,0.000000,-8.749719,6834.831376,1.020900,0.000000
6.410000,0.000000,-8.847789,6825.983587,1.020900,0.000000
6.420000,0.000000,-8.945859,6817.037728,1.020900,0.000000
6.430000,0.000000,-9.043929,6807.993799,1.020900,0.000000
6.440000,0.000000,-9.141999,6798.851799,1.020900,0.000000
6.450000,0.000000,-9.240069,6789.611730,1.020900,0.000000
6.460000,0.000000,-9.338139,6780.273591,1.020900,0.000000
6.470000,0.000000,-9.436209,6770.837382,1.020900,0.000000
6.480000,0.000000,-9.534279,6761.303103,1.020900,0.000000
6.490000,0.000000,-9.632349,6751.670754,1.020900,0.000000
6.500000,0.000000,-9.730419,6741.940335,1.020900,0.000000
6.510000,0.000000,-9.828489,6732.111846,1.020900,0.000000
6.520000,0.000000,-9.926559,6722.185287,1.020900,0.000000
6.530000,0.000000,-10.024629,6712.160658,1.020900,0.000000
6.540000,0.000000,-10.122699,6702.037959,1.020900,0.000000
6.550000,0.000000,-10.220769,6691.817190,1.020900,0.000000
6.560000,0.000000,-10.318839,6681.498351,1.020900,0.000000
6.570000,0.000000,-10.416909,6671.081442,1.020900,0.000000
6.580000,0.000000,-10.514979,6660.566463,1.020900,0.000000
6.590000,0.000000,-10.613049,6649.953414,1.020900,0.000000
6.600000,0.000000,-10.711119,6639.242295,1.020900,0.000000
6.610000,0.000000,-10.809189,6628.433106,1.020900,0.000000
6.620000,0.000000,-10.907259,6617.525847,1.020900,0.000000
6.630000,0.000000,-11.005329,6606.520518,1.020900,0.000000
6.640000,0.000000,-11.103399,6595.417119,1.020900,0.000000
6.650000,0.000000,-11.201469,6584.215649,1.020900,0.000000
6.660000,0.000000,-11.299539,6572.916110,1.020900,0.000000
6.670000,0.000000,-11.397609,6561.518501,1.020900,0.000000
6.680000,0.000000,-11.495679,6550.022822,1.020900,0.000000
6.690000,0.000000,-11.593749,6538.429073,1.020900,0.000000
6.700000,0.000000,-11.691819,6526.737254,1.020900,0.000000
6.710000,0.000000,-11.789889,6514.947365,1.020900,0.000000
6.720000,0.000000,-11.887959,6503.059406,1.020900,0.000000
6.730000,0.000000,-11.986029,6491.073377,1.020900,0.000000
6.740000,0.000000,-12.084099,6478.989278,1.020900,0.000000
6.750000,0.000000,-12.182169,6466.807109,1.020900,0.000000
6.760000,0.000000,-12.280239,6454.526870,1.020900,0.000000
6.770000,0.000000,-12.378309,6442.148561,1.020900,0.000000
6.780000,0.000000,-12.476379,6429.672182,1.020900,0.000000
6.790000,0.000000,-12.574449,6417.097733,1.020900,0.000000
6.800000,0.000000,-12.672519,6404.425214,1.020900,0.000000
6.810000,0.000000,-12.770589,6391.654625,1.020900,0.000000
6.820000,0.000000,-12.868659,6378.785966,1.020900,0.000000
6.830000,0.000000,-12.966729,6365.819237,1.020900,0.000000
6.840000,0.000000,-13.064799,6352.754438,1.020900,0.000000
6.850000,0.000000,-13.162869,6339.591569,1.020900,0.000000
6.860000,0.000000,-13.260939,6326.330630,1.020900,0.000000
6.870000,0.000000,-13.359009,6312.971620,1.020900,0.000000
6.880000,0.000000,-13.457079,6299.514541,1.020900,0.000000
6.890000,0.000000,-13.555149,6285.959392,1.020900,0.000000
6.900000,0.000000,-13.653219,6272.306173,1.020900,0.000000
6.910000,0.000000,-13.751289,6258.554884,1.020900,0.000000
6.920000,0.000000,-13.849359,6244.705525,1.020900,0.000000
6.930000,0.000000,-13.947429,6230.758096,1.020900,0.000000
6.940000,0.000000,-14.045499,6216.712597,1.020900,0.000000
6.950000,0.000000,-14.143569,6202.569028,1.020900,0.000000
6.960000,0.000000,-14.241639,6188.327389,1.020900,0.000000
6.970000,0.000000,-14.339709,6173.987680,1.020900,0.000000
6.980000,0.000000,-14.437779,6159.549901,1.020900,0.000000
6.990000,0.000000,-14.535849,6145.014052,1.020900,0.000000
7.000000,0.000000,-14.633919,6130.380133,1.020900,0.000000
7.010000,0.000000,-14.731989,6115.648144,1.020900,0.000000
7.020000,0.000000,-14.830059,6100.818085,1.020900,0.000000
7.030000,0.000000,-14.928129,6085.889956,1.020900,0.000000
7.040000,0.000000,-15.026199,6070.863757,1.020900,0.000000
7.050000,0.000000,-15.124269,6055.739488,1.020900,0.000000
7.060000,0.000000,-15.222339,6040.517149,1.020900,0.000000
7.070000,0.000000,-15.320409,6025.196740,1.020900,0.000000
7.080000,0.000000,-15.418479,6009.778260,1.020900,0.000000
7.090000,0.000000,-15.516549,5994.261711,1.020900,0.000000
7.100000,0.000000,-15.614619,5978.647092,1.020900,0.000000
7.110000,0.000000,-15.712689,5962.934403,1.020900,0.000000
7.120000,0.000000,-15.810759,5947.123644,1.020900,0.000000
7.130000,0.000000,-15.908829,5931.214815,1.020900,0.000000
7.140000,0.000000,-16.006899,5915.207916,1.020900,0.000000
7.150000,0.000000,-16.104969,5899.102947,1.020900,0.000000
7.160000,0.000000,-16.203039,5882.899908,1.020900,0.000000
7.170000,0.000000,-16.301109,5866.598799,1.020900,0.000000
7.180000,0.000000,-16.399179,5850.199620,1.020900,0.000000
7.190000,0.000000,-16.497249,5833.702371,1.020900,0.000000
7.200000,0.000000,-16.595319,5817.107052,1.020900,0.000000
7.210000,0.000000,-16.693389,5800.413663,1.020900,0.000000
7.220000,0.000000,-16.791459,5783.622204,1.020900,0.000000
7.230000,0.000000,-16.889529,5766.732675,1.020900,0.000000
7.240000,0.000000,-16.987599,5749.745076,1.020900,0.000000
7.250000,0.000000,-17.085669,5732.659407,1.020900,0.000000
7.260000,0.000000,-17.183739,5715.475668,1.020900,0.000000
7.270000,0.000000,-17.281809,5698.193859,1.020900,0.000000
7.280000,0.000000,-17.379879,5680.813980,1.020900,0.000000
7.290000,0.000000,-17.477949,5663.336031,1.020900,0.000000
7.300000,0.000000,-17.576019,5645.760011,1.020900,0.000000
7.310000,0.000000,-17.674089,5628.085922,1.020900,0.000000
7.320000,0.000000,-17.772159,5610.313763,1.020900,0.000000
7.330000,0.000000,-17.870229,5592.443534,1.020900,0.000000
7.340000,0.000000,-17.968299,5574.475235,1.020900,0.000000
7.350000,0.000000,-18.066369,5556.408866,1.020900,0.000000
7.360000,0.000000,-18.164439,5538.244427,1.020900,0.000000
7.370000,0.000000,-18.262509,5519.981918,1.020900,0.000000
7.380000,0.000000,-18.360579,5501.621339,1.020900,0.000000
7.390000,0.000000,-18.458649,5483.162690,1.020900,0.000000
7.400000,0.000000,-18.556719,5464.605971,1.020900,0.000000
7.410000,0.000000,-18.654789,5445.951182,1.020900,0.000000
7.420000,0.000000,-18.752859,5427.198323,1.020900,0.000000
7.430000,0.000000,-18.850929,5408.347394,1.020900,0.000000
7.440000,0.000000,-18.948999,5389.398395,1.020900,0.000000
7.450000,0.000000,-19.047069,5370.351326,1.020900,0.000000
7.460000,0.000000,-19.145139,5351.206187,1.020900,0.000000
7.470000,0.000000,-19.243209,5331.962978,1.020900,0.000000
7.480000,0.000000,-19.341279,5312.621699,1.020900,0.000000
7.490000,0.000000,-19.439349,5293.182350,1.020900,0.000000
7.500000,0.000000,-19.537419,5273.644931,1.020900,0.000000
7.510000,0.000000,-19.635489,5254.009441,1.020900,0.000000
7.520000,0.000000,-19.733559,5234.275882,1.020900,0.000000
7.530000,0.000000,-19.831629,5214.444253,1.020900,0.000000
7.540000,0.000000,-19.929699,5194.514554,1.020900,0.000000
7.550000,0.000000,-20.027769,5174.486785,1.020900,0.000000
7.560000,0.000000,-20.125839,5154.360946,1.020900,0.000000
7.570000,0.000000,-20.223909,5134.137037,1.020900,0.000000
7.580000,0.000000,-20.321979,5113.815058,1.020900,0.000000
7.590000,0.000000,-20.420049,5093.395009,1.020900,0.000000
7.600000,0.000000,-20.518119,5072.876890,1.020900,0.000000
7.610000,0.000000,-20.616189,5052.260701,1.020900,0.000000
7.620000,0.000000,-20.714259,5031.546442,1.020900,0.000000
7.630000,0.000000,-20.812329,5010.734113,1.020900,0.000000
7.640000,0.000000,-20.910399,4989.823714,1.020900,0.000000
7.650000,0.000000,-21.008469,4968.815245,1.020900,0.000000
7.660000,0.000000,-21.106539,4947.708706,1.020900,0.000000
7.670000,0.000000,-21.204609,4926.504097,1.020900,0.000000
7.680000,0.000000,-21.302679,4905.201418,1.020900,0.000000
7.690000,0.000000,-21.400749,4883.800669,1.020900,0.000000
7.700000,0.000000,-21.498819,4862.301850,1.020900,0.000000
7.710000,0.000000,-21.596889,4840.704961,1.020900,0.000000
7.720000,0.000000,-21.694959,4819.010001,1.020900,0.000000
7.730000,0.000000,-21.793029,4797.216972,1.020900,0.000000
7.740000,0.000000,-21.891099,4775.325873,1.020900,0.000000
7.750000,0.000000,-21.989169,4753.336704,1.020900,0.000000
7.760000,0.000000,-22.087239,4731.249465,1.020900,0.000000
7.770000,0.000000,-22.185309,4709.064156,1.020900,0.000000
7.780000,0.000000,-22.283379,4686.780777,1.020900,0.000000
7.790000,0.000000,-22.381449,4664.399328,1.020900,0.000000
7.800000,0.000000,-22.479519,4641.919809,1.020900,0.000000
7.810000,0.000000,-22.577589,4619.342220,1.020900,0.000000
7.820000,0.000000,-22.675659,4596.666561,1.020900,0.000000
7.830000,0.000000,-22.773729,4573.892832,1.020900,0.000000
7.840000,0.000000,-22.871799,4551.021033,1.020900,0.000000
7.850000,0.000000,-22.969869,4528.051164,1.020900,0.000000
7.860000,0.000000,-23.067939,4504.983225,1.020900,0.000000
7.870000,0.000000,-23.166009,4481.817216,1.020900,0.000000
7.880000,0.000000,-23.264079,4458.553137,1.020900,0.000000
7.890000,0.000000,-23.362149,4435.190988,1.020900,0.000000
7.900000,0.000000,-23.460219,4411.730769,1.020900,0.000000
7.910000,0.000000,-23.558289,4388.172480,1.020900,0.000000
7.920000,0.000000,-23.656359,4364.516121,1.020900,0.000000
7.930000,0.000000,-23.754429,4340.761692,1.020900,0.000000
7.940000,0.000000,-23.852499,4316.909192,1.020900,0.000000
7.950000,0.000000,-23.950569,4292.958623,1.020900,0.000000
7.960000,0.000000,-24.048639,4268.909984,1.020900,0.000000
7.970000,0.000000,-24.146709,4244.763275,1.020900,0.000000
7.980000,0.000000,-24.244779,4220.518496,1.020900,0.000000
7.990000,0.000000,-24.342849,4196.175647,1.020900,0.000000
8.000000,0.000000,-24.440919,4171.734728,1.020900,0.000000
8.010000,0.000000,-24.538989,4147.195739,1.020900,0.000000
8.020000,0.000000,-24.637059,4122.558680,1.020900,0.000000
8.030000,0.000000,-24.735129,4097.823551,1.020900,0.000000
8.040000,0.000000,-24.833199,4072.990352,1.020900,0.000000
8.050000,0.000000,-24.931269,4048.059083,1.020900,0.000000
8.060000,0.000000,-25.029339,4023.029744,1.020900,0.000000
8.070000,0.000000,-25.127409,3997.902335,1.020900,0.000000
8.080000,0.000000,-25.225479,3972.676856,1.020900,0.000000
8.090000,0.000000,-25.323549,3947.353307,1.020900,0.000000
8.100000,0.000000,-25.421619,3921.931688,1.020900,0.000000
8.110000,0.000000,-25.519689,3896.411999,1.020900,0.000000
8.120000,0.000000,-25.617759,3870.794240,1.020900,0.000000
8.130000,0.000000,-25.715829,3845.078411,1.020900,0.000000
8.140000,0.000000,-25.813899,3819.264512,1.020900,0.000000
8.150000,0.000000,-25.911969,3793.352542,1.020900,0.000000
8.160000,0.000000,-26.010039,3767.342503,1.020900,0.000000
8.170000,0.000000,-26.108109,3741.234394,1.020900,0.000000
8.180000,0.000000,-26.206179,3715.028215,1.020900,0.000000
8.190000,0.000000,-26.304249,3688.723966,1.020900,0.000000
8.200000,0.000000,-26.402319,3662.321647,1.020900,0.000000
8.210000,0.000000,-26.500389,3635.821258,1.020900,0.000000
8.220000,0.000000,-26.598459,3609.222799,1.020900,0.000000
8.230000,0.000000,-26.696529,3582.526270,1.020900,0.000000
8.240000,0.000000,-26.794599,3555.731671,1.020900,0.000000
8.250000,0.000000,-26.892669,3528.839002,1.020900,0.000000
8.260000,0.000000,-26.990739,3501.848263,1.020900,0.000000
8.270000,0.000000,-27.088809,3474.759454,1.020900,0.000000
8.280000,0.000000,-27.186879,3447.572575,1.020900,0.000000
8.290000,0.000000,-27.284949,3420.287626,1.020900,0.000000
8.300000,0.000000,-27.383019,3392.904607,1.020900,0.000000
8.310000,0.000000,-27.481089,3365.423518,1.020900,0.000000
8.320000,0.000000,-27.579159,3337.844359,1.020900,0.000000
8.330000,0.000000,-27.677229,3310.167130,1.020900,0.000000
8.340000,0.000000,-27.775299,3282.391831,1.020900,0.000000
8.350000,0.000000,-27.873369,3254.518462,1.020900,0.000000
8.360000,0.000000,-27.971439,3226.547023,1.020900,0.000000
8.370000,0.000000,-28.069509,3198.477513,1.020900,0.000000
8.380000,0.000000,-28.167579,3170.309934,1.020900,0.000000
8.390000,0.000000,-28.265649,3142.044285,1.020900,0.000000
8.400000,0.000000,-28.363719,3113.680566,1.020900,0.000000
8.410000,0.000000,-28.461789,3085.218777,1.020900,0.000000
8.420000,0.000000,-28.559859,3056.658918,1.020900,0.000000
8.430000,0.000000,-28.657929,3028.000989,1.020900,0.000000
8.440000,0.000000,-28.755999,2999.244990,1.020900,0.000000
8.450000,0.000000,-28.854069,2970.390921,1.020900,0.000000
8.460000,0.000000,-28.952139,2941.438782,1.020900,0.000000
8.470000,0.000000,-29.050209,2912.388573,1.020900,0.000000
8.480000,0.000000,-29.148279,2883.240294,1.020900,0.000000
8.490000,0.000000,-29.246349,2853.993945,1.020900,0.000000
8.500000,0.000000,-29.344419,2824.649526,1.020900,0.000000
8.510000,0.000000,-29.442489,2795.207037,1.020900,0.000000
8.520000,0.000000,-29.540559,2765.666478,1.020900,0.000000
8.530000,0.000000,-29.638629,2736.027849,1.020900,0.000000
8.540000,0.000000,-29.736699,2706.291150,1.020900,0.000000
8.550000,0.000000,-29.834769,2676.456381,1.020900,0.000000
8.560000,0.000000,-29.932839,2646.523542,1.020900,0.000000
8.570000,0.000000,-30.030909,2616.492633,1.020900,0.000000
8.580000,0.000000,-30.128979,2586.363653,1.020900,0.000000
8.590000,0.000000,-30.227049,2556.136604,1.020900,0.000000
8.600000,0.000000,-30.325119,2525.811485,1.020900,0.000000
8.610000,0.000000,-30.423189,2495.388296,1.020900,0.000000
8.620000,0.000000,-30.521259,2464.867037,1.020900,0.000000
8.630000,0.000000,-30.619329,2434.247708,1.020900,0.000000
8.640000,0.000000,-30.717399,2403.530309,1.020900,0.000000
8.650000,0.000000,-30.815469,2372.714840,1.020900,0.000000
8.660000,0.000000,-30.913539,2341.801301,1.020900,0.000000
8.670000,0.000000,-31.011609,2310.789692,1.020900,0.000000
8.680000,0.000000,-31.109679,2279.680013,1.020900,0.000000
8.690000,0.000000,-31.207749,2248.472264,1.020900,0.000000
8.700000,0.000000,-31.305819,2217.166445,1.020900,0.000000
8.710000,0.000000,-31.403889,2185.762556,1.020900,0.000000
8.720000,0.000000,-31.501959,2154.260597,1.020900,0.000000
8.730000,0.000000,-31.600029,2122.660568,1.020900,0.000000
8.740000,0.000000,-31.698099,2090.962469,1.020900,0.000000
8.750000,0.000000,-31.796169,2059.166300,1.020900,0.000000
8.760000,0.000000,-31.894239,2027.272061,1.020900,0.000000
8.770000,0.000000,-31.992309,1995.279752,1.020900,0.000000
8.780000,0.000000,-32.090379,1963.189373,1.020900,0.000000
8.790000,0.000000,-32.188449,1931.000924,1.020900,0.000000
8.800000,0.000000,-32.286519,1898.714404,1.020900,0.000000
8.810000,0.000000,-32.384589,1866.329815,1.020900,0.000000
8.820000,0.000000,-32.482659,1833.847156,1.020900,0.000000
8.830000,0.000000,-32.580729,1801.266427,1.020900,0.000000
8.840000,0.000000,-32.678799,1768.587628,1.020900,0.000000
8.850000,0.000000,-32.776869,1735.810759,1.020900,0.000000
8.860000,0.000000,-32.874939,1702.935820,1.020900,0.000000
8.870000,0.000000,-32.973009,1669.962811,1.020900,0.000000
8.880000,0.000000,-33.071079,1636.891732,1.020900,0.000000
8.890000,0.000000,-33.169149,1603.722583,1.020900,0.000000
8.900000,0.000000,-33.267219,1570.455364,1.020900,0.000000
8.910000,0.000000,-33.365289,1537.090075,1.020900,0.000000
8.920000,0.000000,-33.463359,1503.626716,1.020900,0.000000
8.930000,0.000000,-33.561429,1470.065287,1.020900,0.000000
8.940000,0.000000,-33.659499,1436.405788,1.020900,0.000000
8.950000,0.000000,-33.757569,1402.648219,1.020900,0.000000
8.960000,0.000000,-33.855639,1368.792580,1.020900,0.000000
8.970000,0.000000,-33.953709,1334.838871,1.020900,0.000000
8.980000,0.000000,-34.051779,1300.787092,1.020900,0.000000
8.990000,0.000000,-34.149849,1266.637243,1.020900,0.000000
9.000000,0.000000,-34.247919,1232.389324,1.020900,0.000000
9.010000,0.000000,-34.345989,1198.043334,1.020900,0.000000
9.020000,0.000000,-34.444059,1163.599275,1.020900,0.000000
9.030000,0.000000,-34.542129,1129.057146,1.020900,0.000000
9.040000,0.000000,-34.640199,1094.416947,1.020900,0.000000
9.050000,0.000000,-34.738269,1059.678678,1.020900,0.000000
9.060000,0.000000,-34.836339,1024.842339,1.020900,0.000000
9.070000,0.000000,-34.934409,989.907930,1.020900,0.000000
9.080000,0.000000,-35.032479,954.875451,1.020900,0.000000
9.090000,0.000000,-35.130549,919.744902,1.020900,0.000000
9.100000,0.000000,-35.228619,884.516283,1.020900,0.000000
9.110000,0.000000,-35.326689,849.189594,1.020900,0.000000
9.120000,0.000000,-35.424759,813.764835,1.020900,0.000000
9.130000,0.000000,-35.522829,778.242006,1.020900,0.000000
9.140000,0.000000,-35.620899,742.621107,1.020900,0.000000
9.150000,0.000000,-35.718969,706.902138,1.020900,0.000000
9.160000,0.000000,-35.817039,671.085099,1.020900,0.000000
9.170000,0.000000,-35.915109,635.169990,1.020900,0.000000
9.180000,0.000000,-36.013179,599.156811,1.020900,0.000000
9.190000,0.000000,-36.111249,563.045562,1.020900,0.000000
9.200000,0.000000,-36.209319,526.836243,1.020900,0.000000
9.210000,0.000000,-36.307389,490.528854,1.020900,0.000000
9.220000,0.000000,-36.405459,454.123395,1.020900,0.000000
9.230000,0.000000,-36.503529,417.619865,1.020900,0.000000
9.240000,0.000000,-36.601599,381.018266,1.020900,0.000000
9.250000,0.000000,-36.699669,344.318597,1.020900,0.000000
9.260000,0.000000,-36.797739,307.520858,1.020900,0.000000
9.270000,0.000000,-36.895809,270.625049,1.020900,0.000000
9.280000,0.000000,-36.993879,233.631170,1.020900,0.000000
9.290000,0.000000,-37.091949,196.539221,1.020900,0.000000
9.300000,0.000000,-37.190019,159.349202,1.020900,0.000000
9.310000,0.000000,-37.288089,122.061113,1.020900,0.000000
9.320000,0.000000,-37.386159,84.674954,1.020900,0.000000
9.330000,0.000000,-37.484229,47.190725,1.020900,0.000000
9.340000,0.000000,-37.582299,9.608426,1.020900,0.000000
9.350000,0.000000,-37.680369,-28.071943,1.020900,0.000000
